{
    "items": [
      {
        "name": "navigator_truststore_file",
        "value": "{{CM_AUTO_TLS}}"
      },
      {
        "name": "navigator_truststore_password",
        "value": "{{CM_AUTO_TLS}}"
      },
      {
        "name": "ssl_server_keystore_location",
        "value": "{{CM_AUTO_TLS}}"
      },
      {
        "name": "ssl_server_keystore_password",
        "value": "{{CM_AUTO_TLS}}"
      },
      {
        "name": "ssl_server_keystore_keypassword",
        "value": "{{CM_AUTO_TLS}}"
      },
      {
        "name": "ssl_enabled",
        "value": "true"
      }
    ]
  }